Serial number,Pillar,Question,Severity,Check Title,Check Description,Resource Type,Elastic Engineering Suggestions
1,costOptimization,How do you decommission resources?,Informational,Unused EBS volumes must be removed,Identifying and removing unused Amazon EBS volumes to reduce costs.,Volume,"Based on the Well-Architected Review finding, here are some potential opportunities for DevOps consultants to provide Elastic Engineering services:

1. **Automation of EBS Volume Decommissioning**: Implement an automated process using AWS CloudFormation or AWS Cloud Development Kit (CDK) to remove unused EBS volumes, ensuring that resources are properly decommissioned and costs are optimized.
2. **Resource Tagging and Inventory Management**: Develop a tagging strategy for EBS volumes and other resources to enable better inventory management and cost tracking. This can be achieved using AWS Resource Groups or custom scripts.
3. **Cost Allocation and Chargeback**: Implement a cost allocation mechanism to attribute EBS volume costs to specific teams, projects, or departments. This will facilitate more accurate cost tracking and chargeback.
4. **EBS Volume Lifecycle Management**: Establish a process for creating, using, and decommissioning EBS volumes, including automated snapshots and backups. This can be done using AWS Systems Manager (SSM) or third-party tools like HashiCorp's Packer.
5. **Security Best Practices**: Ensure that decommissioned EBS volumes are securely removed to prevent data breaches or unauthorized access. This may involve implementing AWS IAM policies or leveraging services like AWS CloudHSM for key management.
6. **Monitoring and Alerting**: Set up monitoring and alerting mechanisms to detect unused EBS volumes, enabling proactive removal and cost optimization.
7. **Policy Development**: Create and enforce policies to ensure that EBS volumes are properly used, managed, and decommissioned in accordance with organizational standards and best practices.

These opportunities allow DevOps consultants to provide Elastic Engineering services that optimize cloud infrastructure, enhance automation, reduce costs, and improve security for clients."
2,security,How do you securely operate your workload?,Informational,Ensure AWS IAM Policies Do Not Grant Assume Role Permission,Ensure AssumeRole permissions do not grant access across all services.,IAMRole,"Based on the Well-Architected Review finding, here are potential opportunities for DevOps consultants to provide Elastic Engineering services:

1. **Automate IAM Policy Reviews**: Develop an automated script or tool that regularly reviews and updates AWS IAM policies to ensure they do not grant AssumeRole permissions that can access all services. This can help prevent unintended access and reduce the risk of security breaches.
2. **Implement Least Privilege Access (LPA) Practices**: Conduct a thorough analysis of the workload's IAM roles and policies to identify opportunities for implementing LPA practices. This involves granting access only to the necessary resources and revoking unnecessary permissions, thereby reducing the attack surface.
3. **Centralize IAM Policy Management**: Design an automated process to centralize and manage AWS IAM policies across multiple services. This can help ensure consistency, reduce errors, and improve compliance with organizational security policies.
4. **Integrate IAM Policy Enforcement with CI/CD Pipelines**: Integrate AWS IAM policy enforcement with continuous integration and delivery (CI/CD) pipelines to automate the process of validating and enforcing IAM policy compliance throughout the development lifecycle.
5. **Provide Security Training and Awareness for Developers and Engineers**: Offer training and awareness programs to educate developers, engineers, and other stakeholders on the importance of secure IAM practices, such as AssumeRole permissions, and provide best practices for implementing secure IAM policies.
6. **Implement Monitoring and Alerting for Unusual IAM Activity**: Develop a monitoring and alerting system that detects unusual IAM activity, such as unexpected changes to AssumeRole permissions or unauthorized access attempts. This can help quickly identify potential security issues and enable swift remediation actions.

These opportunities align with the goals of Elastic Engineering services, including optimizing cloud infrastructure, enhancing automation, reducing costs, and improving security. By addressing these areas, DevOps consultants can help improve the overall security posture of the workload and ensure it remains well-architected."
3,sustainability,How do you take advantage of user behavior patterns to support your sustainability goals?,Low,Check for unassociated Network Interfaces,Identify and remove unassociated network interfaces to optimize resources.,NetworkInterface,"At first glance, the Well-Architected Review finding appears unrelated to sustainability goals and user behavior patterns. However, let's analyze it more deeply:

The finding is related to optimizing resources by identifying and removing unassociated network interfaces. This can lead to potential opportunities for DevOps consultants to provide Elastic Engineering services that optimize cloud infrastructure.

Here are some potential opportunities for improvement:

1.  **Optimize Network Resource Utilization**: By identifying and removing unused or unassociated network interfaces, you can reduce the number of resources being utilized by your application, leading to cost savings.
2.  **Improve Cloud Security**: Unused network interfaces can be a vulnerability in your cloud infrastructure. Removing them can improve overall security posture.
3.  **Enhance Automation**: Use automation tools to identify and remove unassociated network interfaces on an ongoing basis, reducing the need for manual intervention and improving efficiency.
4.  **Simplify Resource Management**: By removing unused resources, you can simplify resource management and reduce the likelihood of human error.

While the specific finding doesn't directly address sustainability goals or user behavior patterns, optimizing cloud infrastructure in this manner aligns with broader principles of sustainability:

*   **Reduced Costs**: Optimizing network interfaces can lead to cost savings.
*   **Improved Efficiency**: Automating resource management and removing unused resources improves overall efficiency.
*   **Enhanced Security**: Improving security posture by removing vulnerabilities contributes to a more sustainable cloud environment.

These improvements align with the spirit of sustainability, making this finding relevant to broader sustainability goals."
4,sustainability,How do you take advantage of user behavior patterns to support your sustainability goals?,Low,Unused Amazon Machine Images (AMIs) must be removed,Remove unused AMIs to avoid unnecessary costs and improve sustainability.,Image,"Based on the provided Well-Architected Review finding, I've identified potential opportunities for DevOps consultants to provide Elastic Engineering services:

1. **Cost Optimization**:
	* Opportunity: Remove unused AMIs to avoid unnecessary costs.
	* Elastic Engineering Service: Develop a script or use an existing one (e.g., AWS CloudFormation) to automate the process of deleting unused AMIs, ensuring that only necessary images are retained.
	* Automation Opportunity: Set up a scheduled task (e.g., daily or weekly) to scan for and delete unused AMIs, reducing manual effort and potential errors.
2. **Sustainability**:
	* Opportunity: Remove unused AMIs to improve sustainability.
	* Elastic Engineering Service: Implement a centralized image management system to track and manage all AMIs across the organization, making it easier to identify and remove unused ones.
	* Green IT Initiative: Integrate this process with other sustainable practices (e.g., using Spot Instances or Reserved Instances) to further reduce costs and environmental impact.
3. **Automation**:
	* Opportunity: Automate AMI management to minimize manual effort.
	* Elastic Engineering Service: Use AWS Lambda, CloudWatch Events, or other services to create a event-driven architecture that automatically removes unused AMIs based on specific criteria (e.g., age, usage patterns).
4. **Security**:
	* Opportunity: Remove unused AMIs to reduce potential security risks (e.g., outdated software vulnerabilities).
	* Elastic Engineering Service: Integrate image management with vulnerability scanning and patching services to ensure that only up-to-date images are retained.
5. **Infrastructure Optimization**:
	* Opportunity: Optimize cloud infrastructure by removing unused resources (AMIs).
	* Elastic Engineering Service: Develop a comprehensive infrastructure optimization plan, which includes the removal of unused AMIs, to improve overall resource utilization and reduce waste.

By addressing these opportunities, DevOps consultants can provide valuable Elastic Engineering services that enhance automation, reduce costs, optimize infrastructure, and improve security while supporting sustainability goals."
5,security,How do you manage permissions for people and machines?,Informational,S3 Bucket Should Not Allow List Actions,Ensure list actions are not permitted for all S3 bucket principals.,S3,"Based on the Well-Architected Review finding, here are potential opportunities for DevOps consultants to provide Elastic Engineering services that could optimize cloud infrastructure, enhance automation, reduce costs, or improve security:

1. **Implement Principle of Least Privilege (PoLP)**: DevOps consultants can recommend automating S3 bucket permission management using IAM policies, ensuring that only necessary permissions are granted to principals and users. This will help minimize the attack surface and prevent unauthorized access.
2. **Simplify Access Management**: By implementing a centralized access management system, such as AWS Organizations or AWS IAM roles, DevOps consultants can simplify access management for S3 buckets and other resources, reducing the risk of misconfigured permissions.
3. **Monitor Bucket Activity**: DevOps consultants can suggest setting up CloudTrail logging to monitor all API calls made against S3 buckets, including list actions. This will help identify potential security incidents and enable real-time incident response.
4. **Automate Security Compliance**: By integrating AWS services like IAM and Config, DevOps consultants can automate the enforcement of security compliance for S3 bucket permissions, ensuring that configurations adhere to established security standards and best practices.
5. **Right-Size S3 Bucket Permissions**: DevOps consultants can analyze S3 bucket permissions and recommend adjustments to ensure that only necessary users or roles have access to specific buckets, reducing the risk of unauthorized data exposure.
6. **Implement Cloud Security Best Practices**: Based on the Well-Architected Review findings, DevOps consultants can provide guidance on implementing cloud security best practices for S3 bucket management, such as using IAM policies and least privilege principles.
7. **Create Custom Policies for Access Control**: By leveraging AWS IAM policy features, DevOps consultants can help create custom policies that control access to specific S3 buckets based on user identity, role, or other conditions, ensuring fine-grained access control.
8. **Enhance Security with CloudWatch Events**: DevOps consultants can suggest using CloudWatch Events to trigger security-related actions when specific events occur in your AWS environment, such as S3 bucket creation or modification.

These opportunities for DevOps consultants to provide Elastic Engineering services will help optimize cloud infrastructure, enhance automation, reduce costs, and improve security."
